{
  "transitions": [
    [
      0.9254570515730346,
      0.032221100935976674,
      0.04232184749098866
    ],
    [
      0.053134031036124574,
      0.941992750592629,
      0.00487321837124648
    ],
    [
      0.03922068130289587,
      0.006466585838472879,
      0.9543127328586312
    ]
  ],
  "emissions": [
    {
      "return_mean": 0.00005366466613218768,
      "return_std": 0.0038399175376618373,
      "vol_mean": 0.0036344778372843197,
      "vol_std": 0.0006157744233350042
    },
    {
      "return_mean": -0.00019734940451182623,
      "return_std": 0.007144464442574695,
      "vol_mean": 0.006550312075655661,
      "vol_std": 0.0019488907781860174
    },
    {
      "return_mean": 0.00003325444269232264,
      "return_std": 0.0020965899549931534,
      "vol_mean": 0.0019422164612460668,
      "vol_std": 0.0005588535719169643
    }
  ],
  "state_labels": [
    "bull",
    "bear",
    "range"
  ],
  "initial": [
    6.6948043934452585e-25,
    1,
    1e-300
  ],
  "trained_at": "2026-04-20T15:16:29.765Z",
  "training_bars": 8748,
  "training_symbol": "BTCUSDT",
  "training_interval": "60"
}